stat,value
id,f23e7f3cef
uptime,0.1618013617258381
os_version,11.0
RPi_revision,a02082
Mycodo_revision,8.15.8
master_branch,0
alembic_version,16b28ef31b5b
country,US
daemon_startup_seconds,18.251429524000002
ram_use_mb,70.868
num_methods,0
num_methods_in_pid,0
num_setpoint_meas_in_pid,0
num_pids,0
num_pids_active,0
num_relays,1
num_sensors,3
num_sensors_active,2
num_conditionals,0
num_conditionals_active,0
num_triggers,0
num_triggers_active,0
num_functions,1
num_functions_active,1
num_actions,0
